Sentence	Length	Label	BOWPrediction	FloatSensitivity	SubspansPos	SubspansNeut	SubspansNeg	RobertaPrediction
it 's a charming and often affecting journey .	9	1	1	 0.937248185033968	8	9	0	1
unflinchingly bleak and desperate	4	0	0	 0.5957257456548484	0	1	6	0
allows us to hope that nolan is poised to embark a major career as a commercial yet inventive filmmaker .	20	1	1	 1.0970091074642716	19	20	0	1
the acting , costumes , music , cinematography and sound are all astounding given the production 's austere locales .	20	1	1	 1.1776332672835468	4	34	1	1
it 's slow -- very , very slow .	9	0	0	 1.4347660175273356	0	7	10	0
although laced with humor and a few fanciful touches , the film is a refreshingly serious look at young women .	21	1	1	 0.9723500309106937	18	23	0	1
a sometimes tedious film .	5	0	0	 1.2648937699833884	0	4	5	0
or doing last year 's taxes with your ex-wife .	10	0	0	 1.5014241039380931	0	16	3	0
you do n't have to know about music to appreciate the film 's easygoing blend of comedy and romance .	20	1	1	 1.0927478320419284	15	24	0	1
in exactly 89 minutes , most of which passed as slowly as if i 'd been sitting naked on an igloo , formula 51 sank from quirky to jerky to utter turkey .	33	0	0	 0.6459329404040981	1	47	17	0
the mesmerizing performances of the leads keep the film grounded and keep the audience riveted .	16	1	1	 0.8221656056172256	12	19	0	1
it takes a strange kind of laziness to waste the talents of robert forster , anne meara , eugene levy , and reginald veljohnson all in the same movie .	30	0	1	 1.2019467864644657	3	46	10	0
... the film suffers from a lack of humor ( something needed to balance out the violence ) ...	19	0	0	 1.498010456512792	4	18	15	0
we root for ( clara and paul ) , even like them , though perhaps it 's an emotion closer to pity .	23	1	1	 2.68859370139926	4	34	7	0
even horror fans will most likely not find what they 're seeking with trouble every day ; the movie lacks both thrills and humor .	25	0	0	 1.2260443507559822	5	32	12	0
a gorgeous , high-spirited musical from india that exquisitely blends music , dance , song , and high drama .	20	1	1	 0.7384248971735586	20	18	1	1
the emotions are raw and will strike a nerve with anyone who 's ever had family trauma .	18	1	1	 0.9006058871516487	4	29	2	1
audrey tatou has a knack for picking roles that magnify her outrageous charm , and in this literate french comedy , she 's as morning-glory exuberant as she was in amélie .	32	1	1	 1.033833412560885	26	37	0	1
... the movie is just a plain old monster .	10	0	0	 1.6147149353331103	0	14	5	0
in its best moments , resembles a bad high school production of grease , without benefit of song .	19	0	0	 1.0054537854688668	6	20	11	0
pumpkin takes an admirable look at the hypocrisy of political correctness , but it does so with such an uneven tone that you never know when humor ends and tragedy begins .	32	0	1	 2.0637397211531683	11	39	13	0
the iditarod lasts for days - this just felt like it did .	13	0	1	 3.3763980393934165	2	21	2	0
holden caulfield did it better .	6	0	1	 2.65472769745519	1	8	2	0
a delectable and intriguing thriller filled with surprises , read my lips is an original .	16	1	1	 0.7464407670668973	14	16	1	1
seldom has a movie so closely matched the spirit of a man and his work .	16	1	1	 0.8884761526651643	8	23	0	1
nicks , seemingly uncertain what 's going to make people laugh , runs the gamut from stale parody to raunchy sex gags to formula romantic comedy .	27	0	0	 1.8261691810525102	8	33	12	0
the action switches between past and present , but the material link is too tenuous to anchor the emotional connections that purport to span a 125-year divide .	28	0	0	 1.4232673046183084	2	47	6	0
it 's an offbeat treat that pokes fun at the democratic exercise while also examining its significance for those who take part .	23	1	1	 0.7422938723074336	11	34	0	1
it 's a cookie-cutter movie , a cut-and-paste job .	10	0	0	 1.6119289878378138	0	11	8	0
i had to look away - this was god awful .	11	0	0	 1.298768968260042	0	13	8	0
thanks to scott 's charismatic roger and eisenberg 's sweet nephew , roger dodger is one of the most compelling variations on in the company of men .	28	1	1	 0.7941002827219706	19	36	0	1
... designed to provide a mix of smiles and tears , `` crossroads '' instead provokes a handful of unintentional howlers and numerous yawns .	25	0	1	 1.123875244350384	5	33	11	0
a gorgeous , witty , seductive movie .	8	1	1	 0.45744538298114445	8	7	0	1
if the movie succeeds in instilling a wary sense of ` there but for the grace of god , ' it is far too self-conscious to draw you deeply into its world .	33	0	1	 1.6090318554889935	5	52	8	0
it does n't believe in itself , it has no sense of humor ... it 's just plain bored .	20	0	0	 0.9137493516483045	1	22	16	0
a sequence of ridiculous shoot - 'em - up scenes .	11	0	0	 1.8419046116892968	0	14	7	0
the weight of the piece , the unerring professionalism of the chilly production , and the fascination embedded in the lurid topic prove recommendation enough .	26	1	1	 1.2762191845239075	15	34	2	1
( w ) hile long on amiable monkeys and worthy environmentalism , jane goodall 's wild chimpanzees is short on the thrills the oversize medium demands .	27	0	1	 2.0205515638194744	8	37	8	0
as surreal as a dream and as detailed as a photograph , as visually dexterous as it is at times imaginatively overwhelming .	23	1	1	 1.0529104092956474	17	26	2	1
escaping the studio , piccoli is warmly affecting and so is this adroitly minimalist movie .	16	1	1	 0.8594530985271381	10	20	1	1
there 's ... tremendous energy from the cast , a sense of playfulness and excitement that seems appropriate .	19	1	1	 0.8473697547970589	18	19	0	1
this illuminating documentary transcends our preconceived vision of the holy land and its inhabitants , revealing the human complexities beneath .	21	1	1	 0.6023657821987216	11	29	1	1
the subtle strength of `` elling '' is that it never loses touch with the reality of the grim situation .	21	1	0	 0.9405621262757865	9	28	4	1
holm ... embodies the character with an effortlessly regal charisma .	11	1	1	 0.5607894062640061	12	9	0	1
the title not only describes its main characters , but the lazy people behind the camera as well .	19	0	1	 1.2762874926679697	1	29	7	0
it offers little beyond the momentary joys of pretty and weightless intellectual entertainment .	14	0	1	 1.27344832652964	8	15	4	0
a synthesis of cliches and absurdities that seems positively decadent in its cinematic flash and emptiness .	17	0	0	 1.355388368970408	7	18	8	0
a subtle and well-crafted ( for the most part ) chiller .	12	1	1	 0.8147307294628859	9	13	1	1
has a lot of the virtues of eastwood at his best .	12	1	1	 1.4065094590136038	9	14	0	1
it 's hampered by a lifetime-channel kind of plot and a lead actress who is out of her depth .	20	0	0	 1.7865269771771157	1	27	11	0
it feels like an after-school special gussied up with some fancy special effects , and watching its rote plot points connect is about as exciting as gazing at an egg timer for 93 minutes .	35	0	0	 0.905178948621357	7	43	19	0
for the most part , director anne-sophie birot 's first feature is a sensitive , extraordinarily well-acted drama .	19	1	1	 0.8373852066997032	12	23	2	1
mr. tsai is a very original artist in his medium , and what time is it there ?	18	1	1	 1.8077249505679616	11	24	0	1
sade is an engaging look at the controversial eponymous and fiercely atheistic hero .	14	1	1	 0.8717018352647539	12	12	3	1
so devoid of any kind of intelligible story that it makes films like xxx and collateral damage seem like thoughtful treatises	21	0	0	 1.5525275194375912	5	28	8	0
a tender , heartfelt family drama .	7	1	1	 0.7928477463352708	7	5	1	1
... a hollow joke told by a cinematic gymnast having too much fun embellishing the misanthropic tale to actually engage it .	22	0	0	 1.4938069580857476	9	20	14	0
the cold turkey would 've been a far better title .	11	0	0	 1.0463057058143606	2	15	4	0
manages to be both repulsively sadistic and mundane .	9	0	0	 2.2508895515214737	0	6	11	0
it 's just disappointingly superficial -- a movie that has all the elements necessary to be a fascinating , involving character study , but never does more than scratch the surface .	32	0	0	 0.9808360793878265	12	43	8	0
this is a story of two misfits who do n't stand a chance alone , but together they are magnificent .	21	1	1	 0.9796853191018845	8	32	1	1
schaeffer has to find some hook on which to hang his persistently useless movies , and it might as well be the resuscitation of the middle-aged character .	28	0	0	 1.164699626179631	2	36	17	0
the primitive force of this film seems to bubble up from the vast collective memory of the combatants .	19	1	0	 2.346296762537496	6	30	1	1
on this tricky topic , tadpole is very much a step in the right direction , with its blend of frankness , civility and compassion .	26	1	1	 0.8563318971795716	18	33	0	1
the script kicks in , and mr. hartley 's distended pace and foot-dragging rhythms follow .	16	0	1	 1.811834864386604	1	23	7	0
you wonder why enough was n't just a music video rather than a full-length movie .	16	0	0	 1.5012913835490616	1	26	4	0
if you 're hard up for raunchy college humor , this is your ticket right here .	17	1	0	 1.9251027057999504	8	24	1	1
a fast , funny , highly enjoyable movie .	9	1	1	 0.997091412539675	10	7	0	1
good old-fashioned slash-and-hack is back !	6	1	1	 0.9175665889813753	3	8	0	1
this one is definitely one to skip , even for horror movie fanatics .	14	0	1	 2.1760855683877085	2	18	7	0
for all its impressive craftsmanship , and despite an overbearing series of third-act crescendos , lily chou-chou never really builds up a head of emotional steam .	27	0	0	 2.3563774367848622	10	36	7	0
exquisitely nuanced in mood tics and dialogue , this chamber drama is superbly acted by the deeply appealing veteran bouquet and the chilling but quite human berling .	28	1	1	 0.7499068359846269	22	29	4	1
uses high comedy to evoke surprising poignance .	8	1	1	 0.5544770469365295	9	6	0	1
one of creepiest , scariest movies to come along in a long , long time , easily rivaling blair witch or the others .	24	1	0	 1.5022624420391193	12	34	1	1
a string of rehashed sight gags based in insipid vulgarity .	11	0	0	 1.00360528461122	1	8	12	0
among the year 's most intriguing explorations of alientation .	10	1	1	 0.9617952670211068	8	10	1	1
the movie fails to live up to the sum of its parts .	13	0	0	 1.145311469072711	1	19	5	0
the son 's room is a triumph of gentility that earns its moments of pathos .	16	1	1	 1.0004727244163667	9	22	0	1
there is nothing outstanding about this film , but it is good enough and will likely be appreciated most by sailors and folks who know their way around a submarine .	31	1	1	 1.1963360092635855	15	40	6	1
this is a train wreck of an action film -- a stupefying attempt by the filmmakers to force-feed james bond into the mindless xxx mold and throw 40 years of cinematic history down the toilet in favor of bright flashes and loud bangs .	44	0	0	 0.7812589701177428	2	56	29	0
the draw ( for `` big bad love '' ) is a solid performance by arliss howard .	18	1	1	 1.0084767036941495	11	22	2	1
green might want to hang onto that ski mask , as robbery may be the only way to pay for his next project .	24	0	0	 1.28045761158335	1	36	10	0
it 's one pussy-ass world when even killer-thrillers revolve around group therapy sessions .	14	0	1	 1.1210231226834302	0	21	6	0
though it 's become almost redundant to say so , major kudos go to leigh for actually casting people who look working-class .	23	1	0	 1.5687358253741697	8	31	6	1
the band 's courage in the face of official repression is inspiring , especially for aging hippies ( this one included ) .	23	1	1	 1.1673004597377281	9	28	8	1
the movie achieves as great an impact by keeping these thoughts hidden as ... ( quills ) did by showing them .	22	1	1	 1.554672884435633	9	33	1	1
the film flat lines when it should peak and is more missed opportunity and trifle than dark , decadent truffle .	21	0	0	 0.992831903344548	3	31	7	0
jaglom ... put ( s ) the audience in the privileged position of eavesdropping on his characters	17	1	1	 2.526398454540028	4	28	1	1
fresnadillo 's dark and jolting images have a way of plying into your subconscious like the nightmare you had a week ago that wo n't go away .	28	1	0	 1.2722763876957988	5	39	11	1
we know the plot 's a little crazy , but it held my interest from start to finish .	19	1	1	 1.0684046055550975	6	31	0	1
it 's a scattershot affair , but when it hits its mark it 's brilliant .	16	1	1	 1.3464755415894873	8	20	3	1
hardly a masterpiece , but it introduces viewers to a good charitable enterprise and some interesting real people .	19	1	1	 1.0335932371309822	20	16	1	1
you wo n't like roger , but you will quickly recognize him .	13	0	1	 2.4485935393361498	2	18	5	1
if steven soderbergh 's ` solaris ' is a failure it is a glorious failure .	16	1	0	 1.4538419431174041	2	18	11	0
byler reveals his characters in a way that intrigues and even fascinates us , and he never reduces the situation to simple melodrama .	24	1	1	 0.8268415148879331	17	30	0	1
this riveting world war ii moral suspense story deals with the shadow side of american culture : racial prejudice in its ugly and diverse forms .	26	0	1	 0.8156140443204355	10	33	8	1
it 's difficult to imagine the process that produced such a script , but here 's guessing that spray cheese and underarm noises played a crucial role .	28	0	1	 2.475081953581626	1	37	17	0
no sophomore slump for director sam mendes , who segues from oscar winner to oscar-winning potential with a smooth sleight of hand .	23	1	1	 0.7731604501307384	20	23	2	1
on the whole , the movie lacks wit , feeling and believability to compensate for its incessant coarseness and banality .	21	0	0	 1.7529642826428713	3	24	14	0
why make a documentary about these marginal historical figures ?	10	0	0	 0.9331268135458186	0	17	2	0
neither parker nor donovan is a typical romantic lead , but they bring a fresh , quirky charm to the formula .	22	1	1	 1.0985271930140748	13	27	3	1
his last movie was poetically romantic and full of indelible images , but his latest has nothing going for it .	21	0	1	 1.7806772930850854	10	25	6	0
does paint some memorable images ... , but makhmalbaf keeps her distance from the characters	15	1	1	 2.4092785146357336	7	21	1	1
a gripping movie , played with performances that are all understated and touching .	14	1	1	 1.0038686689339058	13	14	0	1
it 's one of those baseball pictures where the hero is stoic , the wife is patient , the kids are as cute as all get-out and the odds against success are long enough to intimidate , but short enough to make a dream seem possible .	47	1	1	 1.3745192647093376	16	77	0	1
combining quick-cut editing and a blaring heavy metal much of the time , beck seems to be under the illusion that he 's shooting the latest system of a down video .	32	0	0	 2.2916018739130415	2	52	9	0
the movie 's relatively simple plot and uncomplicated morality play well with the affable cast .	16	1	1	 1.156200705054431	8	23	0	1
what the director ca n't do is make either of val kilmer 's two personas interesting or worth caring about .	21	0	1	 1.5577335345265153	1	33	7	0
too often , the viewer is n't reacting to humor so much as they are wincing back in repugnance .	20	0	0	 0.7449061916964395	2	25	12	0
it 's great escapist fun that recreates a place and time that will never happen again .	17	1	1	 0.9040499860035305	11	21	1	1
scores no points for originality , wit , or intelligence .	11	0	1	 1.5263672711542524	7	9	5	0
there is n't nearly enough fun here , despite the presence of some appealing ingredients .	16	0	1	 1.5491823554009652	6	22	3	0
hilariously inept and ridiculous .	5	1	0	 1.5271821237647427	2	2	5	1
it haunts you , you ca n't forget it , you admire its conception and are able to resolve some of the confusions you had while watching it .	29	1	1	 1.0684481062940716	12	40	5	1
sam mendes has become valedictorian at the school for soft landings and easy ways out .	16	0	0	 4.651816968055784	2	27	2	1
one of the smartest takes on singles culture i 've seen in a long time .	16	1	1	 0.9712456132267343	4	27	0	1
moody , heartbreaking , and filmed in a natural , unforced style that makes its characters seem entirely convincing even when its script is not .	26	1	1	 0.9027334069529407	15	33	3	1
every nanosecond of the the new guy reminds you that you could be doing something else far more pleasurable .	20	0	1	 2.2437363248144453	3	28	8	0
comes ... uncomfortably close to coasting in the treads of the bicycle thief .	14	0	0	 2.1597148050275075	0	25	2	0
warm water under a red bridge is a quirky and poignant japanese film that explores the fascinating connections between women , water , nature , and sexuality .	28	1	1	 0.672270865671899	20	34	1	1
it seems to me the film is about the art of ripping people off without ever letting them consciously know you have done so	24	0	1	 2.498862236784752	1	37	9	0
old-form moviemaking at its best .	6	1	1	 1.0178843735525076	5	6	0	1
turns potentially forgettable formula into something strangely diverting .	9	1	1	 1.6648431619218433	4	9	4	1
( lawrence bounces ) all over the stage , dancing , running , sweating , mopping his face and generally displaying the wacky talent that brought him fame in the first place .	33	1	1	 2.802402735789908	17	47	1	1
a movie that reminds us of just how exciting and satisfying the fantasy cinema can be when it 's approached with imagination and flair .	25	1	1	 0.613663370751605	22	27	0	1
confirms the nagging suspicion that ethan hawke would be even worse behind the camera than he is in front of it .	22	0	0	 1.1781477928047532	1	29	13	0
in the end , we are left with something like two ships passing in the night rather than any insights into gay love , chinese society or the price one pays for being dishonest .	35	0	0	 1.400285642955747	1	59	9	0
montias ... pumps a lot of energy into his nicely nuanced narrative and surrounds himself with a cast of quirky -- but not stereotyped -- street characters .	28	1	1	 0.8202879607327894	20	34	1	1
it provides the grand , intelligent entertainment of a superior cast playing smart people amid a compelling plot .	19	1	1	 0.8261248462008658	24	13	0	1
suffers from the lack of a compelling or comprehensible narrative .	11	0	0	 0.9594461144775784	6	11	4	0
in execution , this clever idea is far less funny than the original , killers from space .	18	0	1	 2.5057918764428715	7	20	8	0
scooby dooby doo / and shaggy too / you both look and sound great .	15	1	0	 1.4739260680439878	9	20	0	1
the tale of tok ( andy lau ) , a sleek sociopath on the trail of o ( takashi sorimachi ) , the most legendary of asian hitmen , is too scattershot to take hold .	36	0	1	 2.5178987653047646	8	54	9	0
it all drags on so interminably it 's like watching a miserable relationship unfold in real time .	18	0	0	 0.8698414273385846	1	19	15	0
pumpkin means to be an outrageous dark satire on fraternity life , but its ambitions far exceed the abilities of writer adam larson broder and his co-director , tony r. abrams , in their feature debut .	37	0	1	 3.843256456779551	5	65	3	0
looks and feels like a project better suited for the small screen .	13	0	1	 1.779884090647963	3	18	4	0
forced , familiar and thoroughly condescending .	7	0	0	 1.434749885083474	0	6	7	0
that is a compliment to kuras and miller .	9	1	1	 1.811614282579959	5	12	0	1
it 's not the ultimate depression-era gangster movie .	9	0	0	 2.7003118087828026	3	9	5	0
sacrifices the value of its wealth of archival foot-age with its less-than-objective stance .	14	0	0	 1.4248990477229577	1	21	5	0
the character of zigzag is not sufficiently developed to support a film constructed around him .	16	0	1	 1.9151585700434788	3	23	5	0
what better message than ` love thyself ' could young women of any size receive ?	16	1	1	 0.9384005767745387	8	22	1	1
a solid film ... but more conscientious than it is truly stirring .	13	1	1	 1.4331912807691645	9	16	0	1
while ( hill ) has learned new tricks , the tricks alone are not enough to salvage this lifeless boxing film .	22	0	0	 1.0010743210489061	3	28	12	0
the best that can be said about the work here of scottish director ritchie ... is that he obviously does n't have his heart in it .	27	0	1	 3.1975008934895954	3	41	9	0
about a manga-like heroine who fights back at her abusers , it 's energetic and satisfying if not deep and psychological .	22	1	1	 1.0902892957565333	16	23	4	1
feels too formulaic and too familiar to produce the transgressive thrills of early underground work .	16	0	0	 1.4654046287365219	3	22	6	0
the volatile dynamics of female friendship is the subject of this unhurried , low-key film that is so off-hollywood that it seems positively french in its rhythms and resonance .	30	1	1	 1.4316241864538068	12	44	3	1
overall very good for what it 's trying to do .	11	1	1	 0.8152464002898476	5	16	0	1
a big , gorgeous , sprawling swashbuckler that delivers its diversions in grand , uncomplicated fashion .	17	1	1	 0.6981118611734676	16	17	0	1
a difficult , absorbing film that manages to convey more substance despite its repetitions and inconsistencies than do most films than are far more pointed and clear .	28	1	1	 1.3493087884149282	12	37	6	1
the heavy-handed film is almost laughable as a consequence .	10	0	0	 1.4938784261063778	0	11	8	0
a solid examination of the male midlife crisis .	9	1	1	 0.980086051237654	4	12	1	1
a nightmare date with a half-formed wit done a great disservice by a lack of critical distance and a sad trust in liberal arts college bumper sticker platitudes .	29	0	0	 0.8393635861846395	2	36	19	0
manages to transcend the sex , drugs and show-tunes plot into something far richer .	15	1	1	 1.063863331951732	9	20	0	1
it takes talent to make a lifeless movie about the most heinous man who ever lived .	17	0	0	 1.4618103503813398	1	20	12	0
by getting myself wrapped up in the visuals and eccentricities of many of the characters , i found myself confused when it came time to get to the heart of the movie .	33	0	1	 1.859739925494401	6	50	9	0
like leon , it 's frustrating and still oddly likable .	11	1	1	 2.179089230705877	9	10	2	1
uncommonly stylish but equally silly ... the picture fails to generate much suspense , nor does it ask searching enough questions to justify its pretensions .	26	0	0	 0.866157685788554	8	29	14	0
not exactly the bees knees	5	0	0	 1.316339015961483	2	6	1	0
there seems to be no clear path as to where the story 's going , or how long it 's going to take to get there .	27	0	0	 1.8848334196234386	0	45	8	0
slapstick buffoonery can tickle many a preschooler 's fancy , but when it costs a family of four about $ 40 to see a film in theaters , why spend money on a dog like this when you can rent a pedigree instead ?	44	0	0	 0.8118397971426977	4	70	13	0
a woman 's pic directed with resonance by ilya chaiken .	11	1	1	 1.4769309260510053	4	17	0	1
may reawaken discussion of the kennedy assassination but this fictional film looks made for cable rather than for the big screen .	22	0	1	 1.6942593306202414	0	35	8	0
characters still need to function according to some set of believable and comprehensible impulses , no matter how many drugs they do or how much artistic license avary employs .	30	0	0	 1.820948683377476	5	49	5	0
the end result is a film that 's neither .	10	0	0	 2.146004199980366	0	16	3	0
manages to be sweet and wickedly satisfying at the same time .	12	1	1	 0.8205336305790248	10	13	0	1
leigh 's film is full of memorable performances from top to bottom .	13	1	1	 1.271627932627408	10	14	1	1
it 's also , clearly , great fun .	9	1	1	 1.0981411018216864	6	11	0	1
rarely has leukemia looked so shimmering and benign .	9	0	0	 1.7845865786074526	0	14	3	1
it seems like i have been waiting my whole life for this movie and now i ca n't wait for the sequel .	23	1	0	 3.019325074431241	15	30	0	1
determined to be fun , and bouncy , with energetic musicals , the humor did n't quite engage this adult .	21	0	1	 2.181213444091184	15	21	5	0
if you dig on david mamet 's mind tricks ... rent this movie and enjoy !	16	1	1	 0.9606131107206467	9	22	0	1
bleakly funny , its characters all the more touching for refusing to pity or memorialize themselves .	17	1	1	 1.5810153868953343	7	23	3	1
delivers the same old same old , tarted up with latin flava and turned out by hollywood playas .	19	0	1	 2.03229798424325	2	27	8	0
does n't offer much besides glib soullessness , raunchy language and a series of brutal set pieces ... that raise the bar on stylized screen violence .	27	0	0	 1.8942391759356894	3	33	17	0
it made me want to wrench my eyes out of my head and toss them at the screen .	19	0	0	 1.4891310888379339	1	24	12	0
the film 's performances are thrilling .	7	1	1	 0.7760084418413504	3	10	0	1
unfortunately , it 's not silly fun unless you enjoy really bad movies .	14	0	0	 0.9024326194249819	4	9	14	0
it 's a bad thing when a movie has about as much substance as its end credits blooper reel .	20	0	0	 1.2963964503900018	1	25	13	0
i sympathize with the plight of these families , but the movie does n't do a very good job conveying the issue at hand .	25	0	1	 1.9202506588222494	6	36	7	0
the lower your expectations , the more you 'll enjoy it .	12	0	1	 1.174208923943546	7	15	1	1
though perry and hurley make inspiring efforts to breathe life into the disjointed , haphazard script by jay scherick and david ronn , neither the actors nor director reginald hudlin can make it more than fitfully entertaining .	38	0	0	 1.375274359628019	12	53	10	0
a must-see for the david mamet enthusiast and for anyone who appreciates intelligent , stylish moviemaking .	17	1	1	 0.7081349168851274	19	14	0	1
pacino is brilliant as the sleep-deprived dormer , his increasing weariness as much existential as it is physical .	19	1	1	 0.8027223989258297	6	27	4	1
` de niro ... is a veritable source of sincere passion that this hollywood contrivance orbits around . '	19	1	1	 2.4295649630656193	9	25	3	1
a misogynistic piece of filth that attempts to pass itself off as hip , young adult entertainment .	18	0	0	 0.9247740094983207	5	22	8	0
its story may be a thousand years old , but why did it have to seem like it took another thousand to tell it to us ?	27	0	0	 1.0931214966112934	2	40	11	0
try as i may , i ca n't think of a single good reason to see this movie , even though everyone in my group extemporaneously shouted , ` thank you ! '	33	0	1	 2.490351492197336	7	45	13	0
the movie is beautiful to behold and engages one in a sense of epic struggle -- inner and outer -- that 's all too rare in hollywood 's hastier productions .	31	1	1	 0.6948883992700436	18	40	3	1
a celebration of quirkiness , eccentricity , and certain individuals ' tendency to let it all hang out , and damn the consequences .	24	1	1	 0.8714565077120845	13	32	2	1
morton uses her face and her body language to bring us morvern 's soul , even though the character is almost completely deadpan .	24	1	1	 1.4784950395709708	6	36	5	1
instead of a hyperbolic beat-charged urban western , it 's an unpretentious , sociologically pointed slice of life .	19	1	1	 1.0066887932242738	15	22	0	1
my thoughts were focused on the characters .	8	1	1	 1.7807776927987018	1	14	0	1
so , too , is this comedy about mild culture clashing in today 's new delhi .	17	1	1	 2.8181183556538656	3	29	1	1
for starters , the story is just too slim .	10	0	0	 1.5024964757157422	0	14	5	0
this is a winning ensemble comedy that shows canadians can put gentle laughs and equally gentle sentiments on the button , just as easily as their counterparts anywhere else in the world .	33	1	1	 0.8554317307048643	26	39	0	1
at the very least , if you do n't know anything about derrida when you walk into the theater , you wo n't know much more when you leave .	30	0	1	 2.260714267854828	1	47	11	0
the format gets used best ... to capture the dizzying heights achieved by motocross and bmx riders , whose balletic hotdogging occasionally ends in bone-crushing screwups .	27	1	1	 2.862711945701524	9	37	7	1
inside the film 's conflict-powered plot there is a decent moral trying to get out , but it 's not that , it 's the tension that keeps you in your seat .	33	1	1	 1.84168054150305	20	42	3	1
there ought to be a directing license , so that ed burns can have his revoked .	17	0	0	 1.0721037593253255	0	26	7	0
bad .	2	0	0	 0.5629348307627303	0	1	2	0
that dogged good will of the parents and ` vain ' jia 's defoliation of ego , make the film touching despite some doldrums .	25	1	1	 1.2775296829667648	11	34	4	1
falls neatly into the category of good stupid fun .	10	1	0	 1.7928664083586274	10	8	1	1
an artful , intelligent film that stays within the confines of a well-established genre .	15	1	1	 0.6503108726054578	13	16	0	1
smart , provocative and blisteringly funny .	7	1	1	 0.8556877375053412	9	4	0	1
and the lesson , in the end , is nothing new .	12	0	0	 2.817662493594721	1	17	5	0
this is not the undisputed worst boxing movie ever , but it 's certainly not a champion - the big loser is the audience .	25	0	0	 0.958210719914168	4	27	18	0
not only is undercover brother as funny , if not more so , than both austin powers films , but it 's also one of the smarter , savvier spoofs to come along in some time .	37	1	1	 1.1121419025478494	21	51	1	1
to say this was done better in wilder 's some like it hot is like saying the sun rises in the east .	23	0	0	 3.8652909464321294	6	34	5	0
the entire movie is about a boring , sad man being boring and sad .	15	0	0	 1.1314527263835261	0	16	13	0
this time mr. burns is trying something in the martin scorsese street-realist mode , but his self-regarding sentimentality trips him up again .	23	0	0	 1.263607146955182	4	35	6	0
perceptive in its vision of nascent industrialized world politics as a new art form , but far too clunky , didactic and saddled with scenes that seem simply an ill fit for this movie .	35	0	0	 0.9528316374875931	7	38	24	0
the best revenge may just be living well because this film , unlike other dumas adaptations , is far more likened to a treasure than a lengthy jail sentence .	30	1	1	 3.05244556145828	17	39	3	1
the movie understands like few others how the depth and breadth of emotional intimacy give the physical act all of its meaning and most of its pleasure .	28	1	1	 0.7813917678811722	17	38	0	1
once ( kim ) begins to overplay the shock tactics and bait-and-tackle metaphors , you may decide it 's too high a price to pay for a shimmering picture postcard .	31	0	1	 1.3000129163129495	5	41	15	0
all that 's missing is the spontaneity , originality and delight .	12	0	1	 1.7122021291407907	9	13	1	0
what the film lacks in general focus it makes up for in compassion , as corcuera manages to find the seeds of hope in the form of collective action .	30	1	1	 1.440456328943178	13	42	4	1
the socio-histo-political treatise is told in earnest strides ... ( and ) personal illusion is deconstructed with poignancy .	19	1	1	 0.7847219975558278	11	23	3	1
my reaction in a word : disappointment .	8	0	0	 1.2078460454966526	1	11	3	0
a psychological thriller with a genuinely spooky premise and an above-average cast , actor bill paxton 's directing debut is a creepy slice of gothic rural americana .	28	1	1	 1.2063936394608854	19	34	2	1
corny , schmaltzy and predictable , but still manages to be kind of heartwarming , nonetheless .	17	1	1	 1.6175022647927328	13	15	5	1
nothing 's at stake , just a twisty double-cross you can smell a mile away -- still , the derivative nine queens is lots of fun .	27	1	1	 1.8593542022915466	12	33	8	1
far more imaginative and ambitious than the trivial , cash-in features nickelodeon has made from its other animated tv series .	21	1	1	 1.3901521935082908	9	30	2	1
of course , by more objective measurements it 's still quite bad .	13	0	0	 3.3884965367420348	0	17	8	0
as the two leads , lathan and diggs are charming and have chemistry both as friends and lovers .	19	1	1	 0.7805249002163122	12	25	0	1
it provides an honest look at a community striving to anchor itself in new grounds .	16	1	1	 0.8368875380420342	15	16	0	1
this movie seems to have been written using mad-libs .	10	0	0	 1.909364402290738	1	11	7	0
reign of fire looks as if it was made without much thought -- and is best watched that way .	20	1	1	 3.511820083704702	4	25	10	0
martin and barbara are complex characters -- sometimes tender , sometimes angry -- and the delicate performances by sven wollter and viveka seldahl make their hopes and frustrations vivid .	30	1	1	 0.6437393735686747	18	38	3	1
it 's not that kung pow is n't funny some of the time -- it just is n't any funnier than bad martial arts movies are all by themselves , without all oedekerk 's impish augmentation .	37	0	0	 1.5692499163412217	3	58	12	0
i 'd have to say the star and director are the big problems here .	15	0	0	 2.1140319113098975	0	23	6	0
affleck and jackson are good sparring partners .	8	1	1	 1.4185677765370204	5	10	0	1
whether you like rap music or loathe it , you ca n't deny either the tragic loss of two young men in the prime of their talent or the power of this movie .	34	1	0	 1.9431870020100035	12	50	5	1
not since japanese filmmaker akira kurosawa 's ran have the savagery of combat and the specter of death been visualized with such operatic grandeur .	25	1	0	 1.003396762841246	8	39	2	1
a by-the-numbers effort that wo n't do much to enhance the franchise .	13	0	0	 1.7224440549496818	3	20	2	0
an occasionally funny , but overall limp , fish-out-of-water story .	11	0	0	 1.28944268074003	2	13	6	0
brilliantly explores the conflict between following one 's heart and following the demands of tradition .	16	1	1	 0.838292109954551	7	23	1	1
despite the 2-d animation , the wild thornberrys movie makes for a surprisingly cinematic experience .	16	1	1	 0.9949758523523453	14	16	1	1
it appears that something has been lost in the translation to the screen .	14	0	0	 1.2008694196264218	0	18	9	0
it all feels like a monty python sketch gone horribly wrong .	12	0	0	 1.118676494437756	1	12	10	0
the film tunes into a grief that could lead a man across centuries .	14	1	1	 1.100339218781812	4	21	2	1
dazzles with its fully-written characters , its determined stylishness ( which always relates to characters and story ) and johnny dankworth 's best soundtrack in years .	27	1	1	 0.8239337596784702	20	32	1	1
it 's a work by an artist so in control of both his medium and his message that he can improvise like a jazzman .	25	1	1	 1.0871974699569271	12	37	0	1
it 's the chemistry between the women and the droll scene-stealing wit and wolfish pessimism of anna chancellor that makes this `` two weddings and a funeral '' fun .	30	1	1	 1.0963157156236212	14	43	2	1
stealing harvard is evidence that the farrelly bros. -- peter and bobby -- and their brand of screen comedy are wheezing to an end , along with green 's half-hearted movie career .	33	0	0	 1.1942723149240544	2	50	13	0
a full world has been presented onscreen , not some series of carefully structured plot points building to a pat resolution .	22	1	0	 2.621900677680443	10	31	2	1
huston nails both the glad-handing and the choking sense of hollow despair .	13	1	1	 2.1749943911163507	1	16	8	1
one of the more intelligent children 's movies to hit theaters this year .	14	1	1	 1.3639941811510277	5	22	0	1
the film tries too hard to be funny and tries too hard to be hip .	16	0	0	 1.1578302899177866	3	19	9	0
blanchett 's performance confirms her power once again .	9	1	1	 0.9928345853001243	3	14	0	1
if you believe any of this , i can make you a real deal on leftover enron stock that will double in value a week from friday .	28	0	1	 2.298968481761045	4	47	4	0
attempts by this ensemble film to impart a message are so heavy-handed that they instead pummel the audience .	19	0	1	 0.9123300810063015	1	29	7	0
no one but a convict guilty of some truly heinous crime should have to sit through the master of disguise .	21	0	0	 1.4446184858097846	1	30	10	0
rarely has so much money delivered so little entertainment .	10	0	0	 2.182632565498677	1	11	7	0
taylor appears to have blown his entire budget on soundtrack rights and had nothing left over for jokes .	19	0	0	 0.9101322063322755	1	22	14	0
`` the time machine '' is a movie that has no interest in itself .	15	0	0	 2.0154399860433125	0	20	9	0
a rarity among recent iranian films : it 's a comedy full of gentle humor that chides the absurdity of its protagonist 's plight .	25	1	1	 1.0111488248456035	16	27	6	1
/ but daphne , you 're too buff / fred thinks he 's tough / and velma - wow , you 've lost weight !	25	0	0	 2.357900210756762	4	44	1	0
the very definition of the ` small ' movie , but it is a good stepping stone for director sprecher .	21	1	1	 1.8351994330412593	10	30	1	1
it 's like every bad idea that 's ever gone into an after-school special compiled in one place , minus those daytime programs ' slickness and sophistication ( and who knew they even had any ? ) .	38	0	0	 1.4067067953921844	4	55	16	0
chilling , well-acted , and finely directed : david jacobson 's dahmer .	13	1	1	 0.6141772262208905	12	12	1	1
it ca n't decide if it wants to be a mystery/thriller , a romance or a comedy .	18	0	0	 1.2062307596184434	3	30	2	0
a coda in every sense , the pinochet case splits time between a minute-by-minute account of the british court 's extradition chess game and the regime 's talking-head survivors .	30	1	0	 2.5962290363370664	3	55	1	1
it 's played in the most straight-faced fashion , with little humor to lighten things up .	17	0	1	 1.9907761249998153	8	22	3	1
a dumb movie with dumb characters doing dumb things and you have to be really dumb not to see where this is going .	24	0	0	 0.7894197797217667	0	25	22	0
with virtually no interesting elements for an audience to focus on , chelsea walls is a triple-espresso endurance challenge .	20	0	0	 1.5287338687845329	2	30	7	0
dense with characters and contains some thrilling moments .	9	1	1	 1.357433735672066	6	9	2	1
as unseemly as its title suggests .	7	1	0	 0.8300502834482245	1	10	2	0
it 's like watching a nightmare made flesh .	9	0	0	 1.6397411150272754	0	11	6	0
minority report is exactly what the title indicates , a report .	12	1	0	 2.2348121451560066	2	21	0	1
it 's hard to like a film about a guy who is utterly unlikeable , and shiner , starring michael caine as an aging british boxing promoter desperate for a taste of fame and fortune , is certainly that .	40	0	0	 4.45349473511312	4	62	13	0
an entertaining , colorful , action-filled crime story with an intimate heart .	13	1	1	 0.878714859356498	13	11	1	1
for this reason and this reason only -- the power of its own steadfast , hoity-toity convictions -- chelsea walls deserves a medal .	24	1	1	 2.0958329272577987	8	32	7	1
it just may inspire a few younger moviegoers to read stevenson 's book , which is a treasure in and of itself .	23	1	1	 1.1958714187786357	15	30	0	1
basically a static series of semi-improvised ( and semi-coherent ) raps between the stars .	15	0	0	 1.1400659664272126	1	21	7	0
... with `` the bourne identity '' we return to the more traditional action genre .	16	1	1	 1.47612020371736	5	26	0	1
it 's so good that its relentless , polished wit can withstand not only inept school productions , but even oliver parker 's movie adaptation .	26	1	1	 1.0644352660108556	13	30	8	1
chokes on its own depiction of upper-crust decorum .	9	0	0	 1.3227300523429266	0	13	4	0
while there 's something intrinsically funny about sir anthony hopkins saying ` get in the car , bitch , ' this jerry bruckheimer production has little else to offer	29	1	1	 1.3149766243930376	5	37	15	0
a rewarding work of art for only the most patient and challenge-hungry moviegoers .	14	1	1	 0.9320188002708795	8	18	1	1
directed in a paint-by-numbers manner .	6	0	0	 1.197534798927872	0	8	3	0
k-19 exploits our substantial collective fear of nuclear holocaust to generate cheap hollywood tension .	15	0	0	 1.7551008503891425	1	20	8	0
at its best , queen is campy fun like the vincent price horror classics of the '60s .	18	1	1	 1.086730128451359	14	20	1	1
it 's a much more emotional journey than what shyamalan has given us in his past two movies , and gibson , stepping in for bruce willis , is the perfect actor to take us on the trip .	39	1	1	 0.7646310759929653	19	58	0	1
the quality of the art combined with the humor and intelligence of the script allow the filmmakers to present the biblical message of forgiveness without it ever becoming preachy or syrupy .	32	1	0	 0.6314541077727205	21	39	3	1
cool ?	2	1	1	 0.4439275236947822	2	1	0	1
deliriously funny , fast and loose , accessible to the uninitiated , and full of surprises	16	1	1	 0.7055137155208033	15	15	1	1
even with a green mohawk and a sheet of fire-red flame tattoos covering his shoulder , however , kilmer seems to be posing , rather than acting .	28	0	0	 1.9727348685011266	0	46	9	0
the story and the friendship proceeds in such a way that you 're watching a soap opera rather than a chronicle of the ups and downs that accompany lifelong friendships .	31	0	1	 2.536600299740723	4	49	8	0
at a time when half the so-called real movies are little more than live-action cartoons , it 's refreshing to see a cartoon that knows what it is , and knows the form 's history .	36	1	1	 0.9472847779432207	14	52	5	1
the old-world - meets-new mesh is incarnated in the movie 's soundtrack , a joyful effusion of disco bollywood that , by the end of monsoon wedding , sent my spirit soaring out of the theater .	37	1	1	 0.983373093059901	26	46	1	1
jones ... does offer a brutal form of charisma .	10	1	1	 1.829669684480722	4	14	1	1
its well of thorn and vinegar ( and simple humanity ) has long been plundered by similar works featuring the insight and punch this picture so conspicuously lacks .	29	0	0	 1.367189949568543	2	42	13	0
travels a fascinating arc from hope and euphoria to reality and disillusionment .	13	1	1	 0.7608341355434185	11	13	1	1
serving sara does n't serve up a whole lot of laughs .	12	0	0	 2.537233979639065	5	14	4	0
the sort of film that makes me miss hitchcock , but also feel optimistic that there 's hope for popular cinema yet .	23	1	1	 1.3413371021614535	16	28	1	1
fun , flip and terribly hip bit of cinematic entertainment .	11	1	1	 1.1747726497935862	9	11	1	1
the x potion gives the quickly named blossom , bubbles and buttercup supernatural powers that include extraordinary strength and laser-beam eyes , which unfortunately do n't enable them to discern flimsy screenplays .	33	0	1	 1.0380355738127511	3	48	14	0
the wild thornberrys movie is a jolly surprise .	9	1	1	 1.0210461985879298	9	8	0	1
entertains by providing good , lively company .	8	1	1	 0.5990241782575012	9	6	0	1
a densely constructed , highly referential film , and an audacious return to form that can comfortably sit among jean-luc godard 's finest work .	25	1	1	 0.8611839410152274	17	32	0	1
what was once original has been co-opted so frequently that it now seems pedestrian .	15	0	0	 1.1000415086231878	2	21	6	0
the story and structure are well-honed .	7	1	1	 1.1729582548437356	4	9	0	1
macdowell , whose wifty southern charm has anchored lighter affairs ... brings an absolutely riveting conviction to her role .	20	1	1	 0.834266914226172	16	23	0	1
an intriguing cinematic omnibus and round-robin that occasionally is more interesting in concept than in execution .	17	1	1	 1.9020098730939023	9	22	2	1
the second coming of harry potter is a film far superior to its predecessor .	15	1	1	 1.5456900592443585	7	22	0	1
if you can stomach the rough content , it 's worth checking out for the performances alone .	18	1	1	 1.9057205113476916	9	22	4	1
a warm , funny , engaging film .	8	1	1	 0.7457192533820086	10	5	0	1
i 'll bet the video game is a lot more fun than the film .	15	0	1	 2.427454412116735	3	21	5	0
the best film about baseball to hit theaters since field of dreams .	13	1	1	 1.093994259813465	10	15	0	1
it is great summer fun to watch arnold and his buddy gerald bounce off a quirky cast of characters .	20	1	1	 0.6599929783274843	14	24	1	1
complete lack of originality , cleverness or even visible effort	10	0	0	 0.970228317266292	4	13	2	0
awesome creatures , breathtaking scenery , and epic battle scenes add up to another ` spectacular spectacle . '	19	1	1	 0.737261450399529	22	15	0	1
all-in-all , the film is an enjoyable and frankly told tale of a people who live among us , but not necessarily with us .	25	1	1	 1.1390440289612578	15	32	2	1
hit and miss as far as the comedy goes and a big ole ' miss in the way of story .	21	0	1	 1.5132516586056364	3	30	8	0
too much of it feels unfocused and underdeveloped .	9	0	0	 1.0800835788200274	0	9	8	0
a deep and meaningful film .	6	1	1	 0.8190393414914966	5	6	0	1
but it could have been worse .	7	0	0	 0.8450654147163114	0	9	4	0
that 's pure pr hype .	6	0	1	 1.8731490969708668	1	6	4	0
a painfully funny ode to bad behavior .	8	1	0	 1.884502347290585	3	7	5	1
you 'll gasp appalled and laugh outraged and possibly , watching the spectacle of a promising young lad treading desperately in a nasty sea , shed an errant tear .	30	1	1	 1.6640112294327851	15	33	11	1
liotta put on 30 pounds for the role , and has completely transformed himself from his smooth , goodfellas image .	21	1	1	 2.2938153242657227	6	34	1	1
a beguiling splash of pastel colors and prankish comedy from disney .	12	1	1	 0.8189013449494214	12	11	0	1
it proves quite compelling as an intense , brooding character study .	12	1	1	 1.015753386810855	10	12	1	1
an unwise amalgam of broadcast news and vibes .	9	0	0	 0.8913248777546857	0	14	3	0
utterly lacking in charm , wit and invention , roberto benigni 's pinocchio is an astonishingly bad film .	19	0	0	 0.8001180041382917	5	20	12	0
and that leaves a hole in the center of the salton sea .	13	0	0	 1.5862479603310267	0	22	3	0
the chateau cleverly probes the cross-cultural differences between gauls and yanks .	12	1	1	 0.9596428815466157	4	19	0	1
broomfield turns his distinctive ` blundering ' style into something that could really help clear up the case .	19	1	1	 1.4781863728380515	6	27	4	1
a pleasant enough romance with intellectual underpinnings , the kind of movie that entertains even as it turns maddeningly predictable .	21	1	1	 1.3504127277449114	12	25	4	1
what really makes it special is that it pulls us into its world , gives us a hero whose suffering and triumphs we can share , surrounds him with interesting characters and sends us out of the theater feeling we 've shared a great adventure .	46	1	1	 0.5028684792187839	44	44	3	1
with the exception of some fleetingly amusing improvisations by cedric the entertainer as perry 's boss , there is n't a redeeming moment here .	25	0	0	 0.844241919921754	10	34	5	0
having had the good sense to cast actors who are , generally speaking , adored by the movie-going public , khouri then gets terrific performances from them all .	29	1	1	 1.2395534509297788	20	37	0	1
... a boring parade of talking heads and technical gibberish that will do little to advance the linux cause .	20	0	0	 0.9874491566312547	0	26	13	0
it 's of the quality of a lesser harrison ford movie - six days , seven nights , maybe , or that dreadful sabrina remake .	26	0	0	 2.1797486064659535	2	36	13	0
if you enjoy more thoughtful comedies with interesting conflicted characters ; this one is for you .	17	1	1	 1.4078593850095606	12	21	0	1
the most hopelessly monotonous film of the year , noteworthy only for the gimmick of being filmed as a single unbroken 87-minute take .	24	0	0	 1.138117664341035	1	35	11	0
it deserves to be seen by anyone with even a passing interest in the events shaping the world beyond their own horizons .	23	1	1	 1.5016014724623998	8	36	1	1
in an effort , i suspect , not to offend by appearing either too serious or too lighthearted , it offends by just being wishy-washy .	26	0	0	 1.8860587826077493	2	33	16	0
no way i can believe this load of junk .	10	0	0	 1.0894420804786753	0	9	10	0
there is a fabric of complex ideas here , and feelings that profoundly deepen them .	16	1	1	 1.2352097024880824	11	20	0	1
this tenth feature is a big deal , indeed -- at least the third-best , and maybe even a notch above the previous runner-up , nicholas meyer 's star trek vi : the undiscovered country .	36	1	1	 1.1404950618671021	15	55	1	1
not only unfunny , but downright repellent .	8	0	0	 0.686408161574776	0	7	8	0
works hard to establish rounded characters , but then has nothing fresh or particularly interesting to say about them .	20	0	1	 1.3093050857193407	4	29	6	0
just one bad idea after another .	7	0	0	 1.3838481351883174	0	8	5	0
... turns so unforgivably trite in its last 10 minutes that anyone without a fortified sweet tooth will likely go into sugar shock .	24	0	0	 1.351646326305337	3	35	9	0
his comedy premises are often hackneyed or just plain crude , calculated to provoke shocked laughter , without following up on a deeper level .	25	0	0	 1.5685402498572338	6	31	12	0
( næs ) directed the stage version of elling , and gets fine performances from his two leads who originated the characters on stage .	25	1	1	 0.8538497339455979	9	38	2	1
a swashbuckling tale of love , betrayal , revenge and above all , faith .	15	1	1	 0.8496680256094087	9	20	0	1
for movie lovers as well as opera lovers , tosca is a real treat .	15	1	1	 0.8057271557256677	14	15	0	1
the film is quiet , threatening and unforgettable .	9	1	1	 1.2210047869499245	7	9	1	1
there is no pleasure in watching a child suffer .	10	0	0	 1.752621769899291	1	9	9	0
jason x is positively anti-darwinian : nine sequels and 400 years later , the teens are none the wiser and jason still kills on auto-pilot .	26	0	0	 1.9905906057816432	4	39	8	0
stealing harvard aspires to comedic grand larceny but stands convicted of nothing more than petty theft of your time .	20	0	0	 1.3331894732459832	4	20	15	0
( d ) oes n't bother being as cloying or preachy as equivalent evangelical christian movies -- maybe the filmmakers know that the likely audience will already be among the faithful .	32	1	0	 3.9654859248764693	12	44	7	0
displaying about equal amounts of naiveté , passion and talent , beneath clouds establishes sen as a filmmaker of considerable potential .	22	1	1	 1.5644975159234313	20	23	0	1
` easily my choice for one of the year 's best films . '	14	1	1	 1.1898769771128017	11	16	0	1
a very long movie , dull in stretches , with entirely too much focus on meal preparation and igloo construction .	21	0	0	 1.332540304704356	2	28	11	0
as a first-time director , paxton has tapped something in himself as an actor that provides frailty with its dark soul .	22	1	1	 0.6743325669139104	9	33	1	1
it 's a grab bag of genres that do n't add up to a whole lot of sense .	19	0	0	 1.8781516253932116	2	27	8	0
instead of hiding pinocchio from critics , miramax should have hidden it from everyone .	15	0	0	 1.1949166953205865	0	25	4	0
portentous and pretentious , the weight of water is appropriately titled , given the heavy-handedness of it drama .	19	0	0	 1.895350901939203	1	27	9	0
altogether , this is successful as a film , while at the same time being a most touching reconsideration of the familiar masterpiece .	24	1	1	 0.9936049855957135	21	26	0	1
there has always been something likable about the marquis de sade .	12	1	1	 1.830719336999303	6	17	0	1
the humor is forced and heavy-handed , and occasionally simply unpleasant .	12	0	0	 0.8450858973494555	1	10	12	0
without ever becoming didactic , director carlos carrera expertly weaves this novelistic story of entangled interrelationships and complex morality .	20	1	1	 0.7607609031949969	13	24	2	1
partway through watching this saccharine , easter-egg-colored concoction , you realize that it is made up of three episodes of a rejected tv show .	25	0	0	 1.0500049738250727	1	30	18	0
for the most part , it 's a work of incendiary genius , steering clear of knee-jerk reactions and quick solutions .	22	1	1	 1.6283673867261057	14	28	1	1
the special effects and many scenes of weightlessness look as good or better than in the original , while the oscar-winning sound and james horner 's rousing score make good use of the hefty audio system .	37	1	1	 0.9195907941628728	30	43	0	1
not since freddy got fingered has a major release been so painful to sit through .	16	0	0	 1.4407760358110675	3	20	8	0
the movie is what happens when you blow up small potatoes to 10 times their natural size , and it ai n't pretty .	24	0	0	 1.3239330875483257	2	37	8	0
we have n't seen such hilarity since say it is n't so !	13	1	1	 2.029318019747389	6	18	1	1
to call the other side of heaven `` appalling '' would be to underestimate just how dangerous entertainments like it can be .	23	0	0	 2.520905094221163	2	32	11	0
nothing is sacred in this gut-buster .	7	0	0	 1.6541002990523368	5	6	2	1
feels haphazard , as if the writers mistakenly thought they could achieve an air of frantic spontaneity by simply tossing in lots of characters doing silly stuff and stirring the pot .	32	0	0	 0.9749119755534021	5	44	14	0
tries to add some spice to its quirky sentiments but the taste is all too familiar .	17	0	1	 1.5962097031089748	3	27	3	0
at its worst , it implodes in a series of very bad special effects .	15	0	0	 0.8783367213243047	1	14	14	0
with tightly organized efficiency , numerous flashbacks and a constant edge of tension , miller 's film is one of 2002 's involvingly adult surprises .	26	1	1	 0.7178841976344568	16	34	1	1
a great ensemble cast ca n't lift this heartfelt enterprise out of the familiar .	15	0	1	 3.323373452111989	9	18	2	0
a warm but realistic meditation on friendship , family and affection .	12	1	1	 0.7828878161558487	9	13	1	1
at times , the suspense is palpable , but by the end there 's a sense that the crux of the mystery hinges on a technicality that strains credulity and leaves the viewer haunted by the waste of potential .	40	0	0	 1.5805524019370853	7	54	18	0
while the resident evil games may have set new standards for thrills , suspense , and gore for video games , the movie really only succeeds in the third of these .	32	0	1	 1.7257319593894689	15	46	2	0
it 's a remarkably solid and subtly satirical tour de force .	12	1	1	 0.7149239048315466	12	11	0	1
director andrew niccol ... demonstrates a wry understanding of the quirks of fame .	14	1	1	 0.9963663519800513	4	22	1	1
when leguizamo finally plugged an irritating character late in the movie .	12	0	0	 1.0421138591272137	0	18	5	0
thekids will probably stay amused at the kaleidoscope of big , colorful characters .	14	1	1	 2.0929141559876263	11	16	0	1
mattei is tiresomely grave and long-winded , as if circularity itself indicated profundity .	14	0	0	 1.4543989896057647	1	13	13	0
... plays like somebody spliced random moments of a chris rock routine into what is otherwise a cliche-riddled but self-serious spy thriller .	23	0	0	 1.4739011502911805	2	31	12	0
an overemphatic , would-be wacky , ultimately tedious sex farce .	11	0	0	 1.7122439443870672	1	11	9	0
it all adds up to good fun .	8	1	1	 1.1181321442114671	8	7	0	1
whether writer-director anne fontaine 's film is a ghost story , an account of a nervous breakdown , a trip down memory lane , all three or none of the above , it is as seductive as it is haunting .	41	1	1	 0.7853360607172432	8	68	5	1
another in-your-face wallow in the lower depths made by people who have never sung those blues .	17	0	1	 1.7764032513802475	1	23	9	0
a very well-made , funny and entertaining picture .	9	1	1	 0.7843716691216873	11	6	0	1
it 's worth seeing just on the basis of the wisdom , and at times , the startling optimism , of the children .	24	1	1	 1.2563317401221823	14	33	0	1
despite its title , punch-drunk love is never heavy-handed .	10	1	0	 1.9549215330739962	5	13	1	1
if director michael dowse only superficially understands his characters , he does n't hold them in contempt .	18	0	0	 3.069509534615571	1	27	7	1
it 's refreshing to see a girl-power movie that does n't feel it has to prove anything .	18	1	1	 1.3064319470786898	9	25	1	1
the film may appear naked in its narrative form ... but it goes deeper than that , to fundamental choices that include the complexity of the catholic doctrine	28	1	1	 1.5672407751053472	8	46	1	1
however it may please those who love movies that blare with pop songs , young science fiction fans will stomp away in disgust .	24	0	1	 1.5078802338110697	3	32	12	0
as vulgar as it is banal .	7	0	0	 1.2793545136735514	0	6	7	0
zhang ... has done an amazing job of getting realistic performances from his mainly nonprofessional cast .	17	1	1	 1.208215936795572	11	19	3	1
outer-space buffs might love this film , but others will find its pleasures intermittent .	15	0	1	 2.536153961630196	6	22	1	0
maud and roland 's search for an unknowable past makes for a haunting literary detective story , but labute pulls off a neater trick in possession : he makes language sexy .	32	1	1	 1.1057870500475786	17	43	3	1
more whiny downer than corruscating commentary .	7	0	0	 0.9915385639077626	1	9	3	0
there are simply too many ideas floating around -- part farce , part sliding doors , part pop video -- and yet failing to exploit them .	27	0	1	 1.2322922495622475	0	40	13	0
it 's another stale , kill-by-numbers flick , complete with blade-thin characters and terrible , pun-laden dialogue .	18	0	0	 1.1993975638619931	1	16	18	0
what distinguishes time of favor from countless other thrillers is its underlying concern with the consequences of words and with the complicated emotions fueling terrorist acts .	27	1	1	 1.0609799320851458	7	40	6	1
i do n't mind having my heartstrings pulled , but do n't treat me like a fool .	18	0	0	 3.0476430605716494	2	27	6	0
the movie 's accumulated force still feels like an ugly knot tightening in your stomach .	16	0	0	 1.6940909119489846	1	22	8	0
at least one scene is so disgusting that viewers may be hard pressed to retain their lunch .	18	0	0	 1.2427452204326639	0	22	13	0
it has charm to spare , and unlike many romantic comedies , it does not alienate either gender in the audience .	22	1	1	 1.0697291117942405	11	29	3	1
an operatic , sprawling picture that 's entertainingly acted , magnificently shot and gripping enough to sustain most of its 170-minute length .	23	1	1	 0.9993333829747248	15	30	0	1
a giggle a minute .	5	1	1	 1.5060482919297289	2	7	0	1
uses sharp humor and insight into human nature to examine class conflict , adolescent yearning , the roots of friendship and sexual identity .	24	1	1	 0.7618986458567979	12	34	1	1
the continued good chemistry between carmen and juni is what keeps this slightly disappointing sequel going , with enough amusing banter -- blessedly curse-free -- to keep both kids and parents entertained .	33	1	1	 1.0071135124206516	23	38	4	1
i 'm just too bored to care .	8	0	0	 1.1749104563109671	1	8	6	0
one of the more irritating cartoons you will see this , or any , year .	16	0	0	 1.0695108981986687	0	24	7	0
it 's one heck of a character study -- not of hearst or davies but of the unique relationship between them .	22	1	1	 1.0090127882427804	8	34	1	1
it moves quickly , adroitly , and without fuss ; it does n't give you time to reflect on the inanity -- and the cold war datedness -- of its premise .	32	1	0	 1.5589853913027654	7	47	9	1
i am sorry that i was unable to get the full brunt of the comedy .	16	0	0	 1.6578728455489578	2	22	7	0
a good piece of work more often than not .	10	1	1	 1.690133750535448	6	12	1	1
while the ideas about techno-saturation are far from novel , they 're presented with a wry dark humor .	19	1	1	 1.2635307698912202	11	26	0	1
charles ' entertaining film chronicles seinfeld 's return to stand-up comedy after the wrap of his legendary sitcom , alongside wannabe comic adams ' attempts to get his shot at the big time .	34	1	0	 0.7997938819458759	16	48	3	1
an exhilarating futuristic thriller-noir , minority report twists the best of technology around a gripping story , delivering a riveting , pulse intensifying escapist adventure of the first order	29	1	1	 0.6249468832220835	31	25	1	1
beautifully observed , miraculously unsentimental comedy-drama .	7	1	1	 0.5757707357362487	5	6	2	1
the film 's hackneyed message is not helped by the thin characterizations , nonexistent plot and pretentious visual style .	20	0	0	 0.9194050117586926	2	22	15	0
a breezy romantic comedy that has the punch of a good sitcom , while offering exceptionally well-detailed characters .	19	1	1	 0.7886954429284352	20	17	0	1
should have been someone else -	6	0	0	 0.8081115029646223	0	10	1	0
coughs and sputters on its own postmodern conceit .	9	0	0	 1.0273928150780522	0	10	7	0
the lion king was a roaring success when it was released eight years ago , but on imax it seems better , not just bigger .	26	1	1	 2.0317211446885826	18	32	1	1
almost gags on its own gore .	7	0	0	 1.082218904736593	0	9	4	0
a marvel like none you 've seen .	8	1	1	 0.9495709537389191	4	11	0	1
trite , banal , cliched , mostly inoffensive .	9	0	0	 1.1427697539301107	0	7	10	0
immersing us in the endlessly inventive , fiercely competitive world of hip-hop djs , the project is sensational and revelatory , even if scratching makes you itch .	28	1	1	 0.6190465519570034	20	33	2	1
the movie has an infectious exuberance that will engage anyone with a passing interest in the skate/surf culture , the l.a. beach scene and the imaginative ( and sometimes illegal ) ways kids can make a playground out of the refuse of adults .	44	1	1	 0.8293119647986078	14	66	7	1
yakusho and shimizu ... create engaging characterizations in imamura 's lively and enjoyable cultural mix .	16	1	1	 0.8807452317533204	16	15	0	1
this is wild surreal stuff , but brilliant and the camera just kind of sits there and lets you look at this and its like you 're going from one room to the next and none of them have any relation to the other .	45	1	1	 1.1980047210652773	12	69	8	1
there is very little dread or apprehension , and though i like the creepy ideas , they are not executed with anything more than perfunctory skill .	27	0	0	 2.0716162919830876	2	35	16	0
the notion that bombing buildings is the funniest thing in the world goes entirely unexamined in this startlingly unfunny comedy .	21	0	0	 1.2629761949856508	7	21	13	0
good car chases , great fight scenes , and a distinctive blend of european , american and asian influences .	20	1	1	 0.7129606509139795	13	26	0	1
the last 20 minutes are somewhat redeeming , but most of the movie is the same teenage american road-trip drek we 've seen before - only this time you have to read the fart jokes	35	0	0	 0.9349171488187227	4	50	15	0
even in its most tedious scenes , russian ark is mesmerizing .	12	1	1	 1.2690572961986486	6	13	4	1
with its dogged hollywood naturalism and the inexorable passage of its characters toward sainthood , windtalkers is nothing but a sticky-sweet soap .	23	0	0	 2.4023821138062087	0	34	11	0
generally , clockstoppers will fulfill your wildest fantasies about being a different kind of time traveler , while happily killing 94 minutes .	23	1	0	 2.2654852970133947	18	27	0	1
